INTERFIBRA,PZQ13TW5
AT&T,PZQ13TW5
BRIHMCA,PZQ13TW5
TECAMAC TELECOMUNICACIONES,PZQ13TW5
CABLEMAS,PZQ13TW5
TALKTEL,PZQ13TW5
RESERVADO,PZQ13TW5
CABLEMAS,PZQ13TW5
OLATU,PZQ13TW5
MEGACABLE,PZQ13TW5
CABLEVISION,PZQ13TW5
CABLEVISIONRED,PZQ13TW5
CABLECOM,PZQ13TW5
CABLECOM,PZQ13TW5
CABLECOM,PZQ13TW5
CABLECOM,PZQ13TW5
CABLECOM,PZQ13TW5
CABLECOM,PZQ13TW5
CABLECOM,PZQ13TW5
CABLECOM,PZQ13TW5
CABLETAMPS,PZQ13TW5
TELCORDIA,T3LC0RD14
LOGITEL,PZQ13TW5
LADIMEX,PZQ13TW5
PRUEBAS,PZQ13TW5
VANGENT,PZQ13TW5XYZ1
WCOM,PZQ13TW5
VDT,PZQ13TW5
TV INTERNACIONAL,PZQ13TW5
CVTELECOMUNICACIONES,PZQ13TW5
OMNI,PZQ13TW5
EICSA,PZQ13TW5
COMUNICALO,PZQ13TW5
TELECOMM ATLAS,PZQ13TW5
STARSATEL,PZQ13TW5
UC TELECOM,PZQ13TW5
TELECOMMERCE,PZQ13TW5
TV REY,PZQ13TW5
MEGA TEL,PZQ13TW5
IBO CELL,PZQ13TW5
TELECOMUNICACIONES 360,PZQ13TW5
TELECOM SOCIAL,PZQ13TW5
TELIGENTIA,PZQ13TW5
VIRGIN,PZQ13TW5
MAZ TIEMPO,PZQ13TW5
KIWI NETWORKS,PZQ13TW5
MVH,PZQ13TW5
NEUS,PZQ13TW5
ALTATA,PZQ13TW5
SERVNET,PZQ13TW5
GPO HIDALGUENSE,PZQ13TW5
TELEFACIL,PZQ13TW5
UCS01,UCS01
MAGD,PZQ13TW5
QBOCEL,PZQ13TW5
IENTC,PZQ13TW5
TRUU,PZQ13TW5
MAXCOM,PZQ13TW5
AXTEL,PZQ13TW5
MOVISTAR,PZQ13TW5
TELCEL,PZQ13TW5
MOVISTAR,PZQ13TW5
TELMEX,PZQ13TW5
AVANTEL,PZQ13TW5citu
ALESTRA,PZQ13TW5
PRV,PZQ13TW5
BTLATAM,PZQ13TW5
OPERBES,PZQ13TW5
MCM,PZQ13TW5
MIDITEL,MIDITEL
RSLCOM,PZQ13TW5
AT&T,PZQ13TW5
AT&T,PZQ13TW5
PUEBLO,PZQ13TW5
QUALTEL,PZQ13TW5
MOVISTAR,PZQ13TW5
UNION,PZQ13TW5
VPN,00PZQ13TW5
MOVISTAR,PZQ13TW5
MOVISTAR,PZQ13TW5
TOTAL PLAY,PZQ13TW5
AT&T,PZQ13TW5
TELECOMM,PZQ13TW5
GLOBALSTAR,PZQ13TW5
TELNOR,PZQ13TW5
AT&T,PZQ13TW5
AT&T,PZQ13TW5
AT&T,PZQ13TW5
AT&T,PZQ13TW5
AVANTEL,PZQ13TW5
IRIDUM,PZQ13TW5
ASIYA,PZQ13TW5
BESTPHONE,PZQ13TW5
BESTCABLE,PZQ13TW5
MARCATELCOM,PZQ13TW5
TELEFONICA,PZQ13TW5
B.TEL,PZQ13TW5
AT&T,PZQ13TW5
PROTEL I-NEXT,PZQ13TW5
CTRSACV,PZQ13TW5
CONVERGIA,PZQ13TW5
IP MATRIX,PZQ13TW5
AT&T,PZQ13TW5
STARTEL,PZQ13TW5
G-TEL,PZQ13TW5
SAI,PZQ13TW5
METRORED,PZQ13TW5
GLOBAL CROSSING,PZQ13TW5
OPESI,PZQ13TW5
SISINTERCOM,PZQ13TW5
CABLENET,PZQ13TW5
TVCABLEON,PZQ13TW5
CRPT,PZQ13TW5
AT&T,PZQ13TW5
AT&T,PZQ13TW5